date_id,arrival_date,year,month,month_name,day,quarter,is_weekend
20150701,2015-07-01,2015,7,July,1,3,False
20150702,2015-07-02,2015,7,July,2,3,False
20150703,2015-07-03,2015,7,July,3,3,False
20150704,2015-07-04,2015,7,July,4,3,True
20150705,2015-07-05,2015,7,July,5,3,True
20150706,2015-07-06,2015,7,July,6,3,False
20150707,2015-07-07,2015,7,July,7,3,False
20150708,2015-07-08,2015,7,July,8,3,False
20150709,2015-07-09,2015,7,July,9,3,False
20150710,2015-07-10,2015,7,July,10,3,False
20150711,2015-07-11,2015,7,July,11,3,True
20150712,2015-07-12,2015,7,July,12,3,True
20150713,2015-07-13,2015,7,July,13,3,False
20150714,2015-07-14,2015,7,July,14,3,False
20150715,2015-07-15,2015,7,July,15,3,False
20150716,2015-07-16,2015,7,July,16,3,False
20150717,2015-07-17,2015,7,July,17,3,False
20150718,2015-07-18,2015,7,July,18,3,True
20150719,2015-07-19,2015,7,July,19,3,True
20150720,2015-07-20,2015,7,July,20,3,False
20150721,2015-07-21,2015,7,July,21,3,False
20150722,2015-07-22,2015,7,July,22,3,False
20150723,2015-07-23,2015,7,July,23,3,False
20150724,2015-07-24,2015,7,July,24,3,False
20150725,2015-07-25,2015,7,July,25,3,True
20150726,2015-07-26,2015,7,July,26,3,True
20150727,2015-07-27,2015,7,July,27,3,False
20150728,2015-07-28,2015,7,July,28,3,False
20150729,2015-07-29,2015,7,July,29,3,False
20150730,2015-07-30,2015,7,July,30,3,False
20150731,2015-07-31,2015,7,July,31,3,False
20150801,2015-08-01,2015,8,August,1,3,True
20150802,2015-08-02,2015,8,August,2,3,True
20150803,2015-08-03,2015,8,August,3,3,False
20150804,2015-08-04,2015,8,August,4,3,False
20150805,2015-08-05,2015,8,August,5,3,False
20150806,2015-08-06,2015,8,August,6,3,False
20150807,2015-08-07,2015,8,August,7,3,False
20150808,2015-08-08,2015,8,August,8,3,True
20150809,2015-08-09,2015,8,August,9,3,True
20150810,2015-08-10,2015,8,August,10,3,False
20150811,2015-08-11,2015,8,August,11,3,False
20150812,2015-08-12,2015,8,August,12,3,False
20150813,2015-08-13,2015,8,August,13,3,False
20150814,2015-08-14,2015,8,August,14,3,False
20150815,2015-08-15,2015,8,August,15,3,True
20150816,2015-08-16,2015,8,August,16,3,True
20150817,2015-08-17,2015,8,August,17,3,False
20150818,2015-08-18,2015,8,August,18,3,False
20150819,2015-08-19,2015,8,August,19,3,False
20150820,2015-08-20,2015,8,August,20,3,False
20150821,2015-08-21,2015,8,August,21,3,False
20150822,2015-08-22,2015,8,August,22,3,True
20150823,2015-08-23,2015,8,August,23,3,True
20150824,2015-08-24,2015,8,August,24,3,False
20150825,2015-08-25,2015,8,August,25,3,False
20150826,2015-08-26,2015,8,August,26,3,False
20150827,2015-08-27,2015,8,August,27,3,False
20150828,2015-08-28,2015,8,August,28,3,False
20150829,2015-08-29,2015,8,August,29,3,True
20150830,2015-08-30,2015,8,August,30,3,True
20150831,2015-08-31,2015,8,August,31,3,False
20150901,2015-09-01,2015,9,September,1,3,False
20150902,2015-09-02,2015,9,September,2,3,False
20150903,2015-09-03,2015,9,September,3,3,False
20150904,2015-09-04,2015,9,September,4,3,False
20150905,2015-09-05,2015,9,September,5,3,True
20150906,2015-09-06,2015,9,September,6,3,True
20150907,2015-09-07,2015,9,September,7,3,False
20150908,2015-09-08,2015,9,September,8,3,False
20150909,2015-09-09,2015,9,September,9,3,False
20150910,2015-09-10,2015,9,September,10,3,False
20150911,2015-09-11,2015,9,September,11,3,False
20150912,2015-09-12,2015,9,September,12,3,True
20150913,2015-09-13,2015,9,September,13,3,True
20150914,2015-09-14,2015,9,September,14,3,False
20150915,2015-09-15,2015,9,September,15,3,False
20150916,2015-09-16,2015,9,September,16,3,False
20150917,2015-09-17,2015,9,September,17,3,False
20150918,2015-09-18,2015,9,September,18,3,False
20150919,2015-09-19,2015,9,September,19,3,True
20150920,2015-09-20,2015,9,September,20,3,True
20150921,2015-09-21,2015,9,September,21,3,False
20150922,2015-09-22,2015,9,September,22,3,False
20150923,2015-09-23,2015,9,September,23,3,False
20150924,2015-09-24,2015,9,September,24,3,False
20150925,2015-09-25,2015,9,September,25,3,False
20150926,2015-09-26,2015,9,September,26,3,True
20150927,2015-09-27,2015,9,September,27,3,True
20150928,2015-09-28,2015,9,September,28,3,False
20150929,2015-09-29,2015,9,September,29,3,False
20150930,2015-09-30,2015,9,September,30,3,False
20151001,2015-10-01,2015,10,October,1,4,False
20151002,2015-10-02,2015,10,October,2,4,False
20151003,2015-10-03,2015,10,October,3,4,True
20151004,2015-10-04,2015,10,October,4,4,True
20151005,2015-10-05,2015,10,October,5,4,False
20151006,2015-10-06,2015,10,October,6,4,False
20151007,2015-10-07,2015,10,October,7,4,False
20151008,2015-10-08,2015,10,October,8,4,False
20151009,2015-10-09,2015,10,October,9,4,False
20151010,2015-10-10,2015,10,October,10,4,True
20151011,2015-10-11,2015,10,October,11,4,True
20151012,2015-10-12,2015,10,October,12,4,False
20151013,2015-10-13,2015,10,October,13,4,False
20151014,2015-10-14,2015,10,October,14,4,False
20151015,2015-10-15,2015,10,October,15,4,False
20151016,2015-10-16,2015,10,October,16,4,False
20151017,2015-10-17,2015,10,October,17,4,True
20151018,2015-10-18,2015,10,October,18,4,True
20151019,2015-10-19,2015,10,October,19,4,False
20151020,2015-10-20,2015,10,October,20,4,False
20151021,2015-10-21,2015,10,October,21,4,False
20151022,2015-10-22,2015,10,October,22,4,False
20151023,2015-10-23,2015,10,October,23,4,False
20151024,2015-10-24,2015,10,October,24,4,True
20151025,2015-10-25,2015,10,October,25,4,True
20151026,2015-10-26,2015,10,October,26,4,False
20151027,2015-10-27,2015,10,October,27,4,False
20151028,2015-10-28,2015,10,October,28,4,False
20151029,2015-10-29,2015,10,October,29,4,False
20151030,2015-10-30,2015,10,October,30,4,False
20151031,2015-10-31,2015,10,October,31,4,True
20151101,2015-11-01,2015,11,November,1,4,True
20151102,2015-11-02,2015,11,November,2,4,False
20151103,2015-11-03,2015,11,November,3,4,False
20151104,2015-11-04,2015,11,November,4,4,False
20151105,2015-11-05,2015,11,November,5,4,False
20151106,2015-11-06,2015,11,November,6,4,False
20151107,2015-11-07,2015,11,November,7,4,True
20151108,2015-11-08,2015,11,November,8,4,True
20151109,2015-11-09,2015,11,November,9,4,False
20151110,2015-11-10,2015,11,November,10,4,False
20151111,2015-11-11,2015,11,November,11,4,False
20151112,2015-11-12,2015,11,November,12,4,False
20151113,2015-11-13,2015,11,November,13,4,False
20151114,2015-11-14,2015,11,November,14,4,True
20151115,2015-11-15,2015,11,November,15,4,True
20151116,2015-11-16,2015,11,November,16,4,False
20151117,2015-11-17,2015,11,November,17,4,False
20151118,2015-11-18,2015,11,November,18,4,False
20151119,2015-11-19,2015,11,November,19,4,False
20151120,2015-11-20,2015,11,November,20,4,False
20151121,2015-11-21,2015,11,November,21,4,True
20151123,2015-11-23,2015,11,November,23,4,False
20151124,2015-11-24,2015,11,November,24,4,False
20151125,2015-11-25,2015,11,November,25,4,False
20151126,2015-11-26,2015,11,November,26,4,False
20151127,2015-11-27,2015,11,November,27,4,False
20151128,2015-11-28,2015,11,November,28,4,True
20151129,2015-11-29,2015,11,November,29,4,True
20151130,2015-11-30,2015,11,November,30,4,False
20151201,2015-12-01,2015,12,December,1,4,False
20151202,2015-12-02,2015,12,December,2,4,False
20151203,2015-12-03,2015,12,December,3,4,False
20151204,2015-12-04,2015,12,December,4,4,False
20151205,2015-12-05,2015,12,December,5,4,True
20151206,2015-12-06,2015,12,December,6,4,True
20151207,2015-12-07,2015,12,December,7,4,False
20151208,2015-12-08,2015,12,December,8,4,False
20151210,2015-12-10,2015,12,December,10,4,False
20151211,2015-12-11,2015,12,December,11,4,False
20151212,2015-12-12,2015,12,December,12,4,True
20151213,2015-12-13,2015,12,December,13,4,True
20151214,2015-12-14,2015,12,December,14,4,False
20151217,2015-12-17,2015,12,December,17,4,False
20151218,2015-12-18,2015,12,December,18,4,False
20151219,2015-12-19,2015,12,December,19,4,True
20151220,2015-12-20,2015,12,December,20,4,True
20151221,2015-12-21,2015,12,December,21,4,False
20151222,2015-12-22,2015,12,December,22,4,False
20151223,2015-12-23,2015,12,December,23,4,False
20151224,2015-12-24,2015,12,December,24,4,False
20151225,2015-12-25,2015,12,December,25,4,False
20151226,2015-12-26,2015,12,December,26,4,True
20151227,2015-12-27,2015,12,December,27,4,True
20151228,2015-12-28,2015,12,December,28,4,False
20151229,2015-12-29,2015,12,December,29,4,False
20151230,2015-12-30,2015,12,December,30,4,False
20151231,2015-12-31,2015,12,December,31,4,False
20160101,2016-01-01,2016,1,January,1,1,False
20160102,2016-01-02,2016,1,January,2,1,True
20160103,2016-01-03,2016,1,January,3,1,True
20160104,2016-01-04,2016,1,January,4,1,False
20160105,2016-01-05,2016,1,January,5,1,False
20160106,2016-01-06,2016,1,January,6,1,False
20160107,2016-01-07,2016,1,January,7,1,False
20160108,2016-01-08,2016,1,January,8,1,False
20160109,2016-01-09,2016,1,January,9,1,True
20160110,2016-01-10,2016,1,January,10,1,True
20160112,2016-01-12,2016,1,January,12,1,False
20160113,2016-01-13,2016,1,January,13,1,False
20160114,2016-01-14,2016,1,January,14,1,False
20160115,2016-01-15,2016,1,January,15,1,False
20160116,2016-01-16,2016,1,January,16,1,True
20160117,2016-01-17,2016,1,January,17,1,True
20160118,2016-01-18,2016,1,January,18,1,False
20160119,2016-01-19,2016,1,January,19,1,False
20160121,2016-01-21,2016,1,January,21,1,False
20160122,2016-01-22,2016,1,January,22,1,False
20160123,2016-01-23,2016,1,January,23,1,True
20160125,2016-01-25,2016,1,January,25,1,False
20160126,2016-01-26,2016,1,January,26,1,False
20160127,2016-01-27,2016,1,January,27,1,False
20160128,2016-01-28,2016,1,January,28,1,False
20160129,2016-01-29,2016,1,January,29,1,False
20160130,2016-01-30,2016,1,January,30,1,True
20160131,2016-01-31,2016,1,January,31,1,True
20160201,2016-02-01,2016,2,February,1,1,False
20160202,2016-02-02,2016,2,February,2,1,False
20160203,2016-02-03,2016,2,February,3,1,False
20160204,2016-02-04,2016,2,February,4,1,False
20160205,2016-02-05,2016,2,February,5,1,False
20160206,2016-02-06,2016,2,February,6,1,True
20160207,2016-02-07,2016,2,February,7,1,True
20160208,2016-02-08,2016,2,February,8,1,False
20160209,2016-02-09,2016,2,February,9,1,False
20160210,2016-02-10,2016,2,February,10,1,False
20160211,2016-02-11,2016,2,February,11,1,False
20160212,2016-02-12,2016,2,February,12,1,False
20160213,2016-02-13,2016,2,February,13,1,True
20160214,2016-02-14,2016,2,February,14,1,True
20160215,2016-02-15,2016,2,February,15,1,False
20160216,2016-02-16,2016,2,February,16,1,False
20160217,2016-02-17,2016,2,February,17,1,False
20160218,2016-02-18,2016,2,February,18,1,False
20160219,2016-02-19,2016,2,February,19,1,False
20160220,2016-02-20,2016,2,February,20,1,True
20160221,2016-02-21,2016,2,February,21,1,True
20160222,2016-02-22,2016,2,February,22,1,False
20160223,2016-02-23,2016,2,February,23,1,False
20160224,2016-02-24,2016,2,February,24,1,False
20160225,2016-02-25,2016,2,February,25,1,False
20160226,2016-02-26,2016,2,February,26,1,False
20160227,2016-02-27,2016,2,February,27,1,True
20160228,2016-02-28,2016,2,February,28,1,True
20160229,2016-02-29,2016,2,February,29,1,False
20160301,2016-03-01,2016,3,March,1,1,False
20160302,2016-03-02,2016,3,March,2,1,False
20160303,2016-03-03,2016,3,March,3,1,False
20160304,2016-03-04,2016,3,March,4,1,False
20160305,2016-03-05,2016,3,March,5,1,True
20160307,2016-03-07,2016,3,March,7,1,False
20160308,2016-03-08,2016,3,March,8,1,False
20160309,2016-03-09,2016,3,March,9,1,False
20160310,2016-03-10,2016,3,March,10,1,False
20160311,2016-03-11,2016,3,March,11,1,False
20160312,2016-03-12,2016,3,March,12,1,True
20160313,2016-03-13,2016,3,March,13,1,True
20160314,2016-03-14,2016,3,March,14,1,False
20160315,2016-03-15,2016,3,March,15,1,False
20160316,2016-03-16,2016,3,March,16,1,False
20160317,2016-03-17,2016,3,March,17,1,False
20160318,2016-03-18,2016,3,March,18,1,False
20160319,2016-03-19,2016,3,March,19,1,True
20160320,2016-03-20,2016,3,March,20,1,True
20160321,2016-03-21,2016,3,March,21,1,False
20160322,2016-03-22,2016,3,March,22,1,False
20160323,2016-03-23,2016,3,March,23,1,False
20160324,2016-03-24,2016,3,March,24,1,False
20160325,2016-03-25,2016,3,March,25,1,False
20160326,2016-03-26,2016,3,March,26,1,True
20160327,2016-03-27,2016,3,March,27,1,True
20160328,2016-03-28,2016,3,March,28,1,False
20160329,2016-03-29,2016,3,March,29,1,False
20160330,2016-03-30,2016,3,March,30,1,False
20160331,2016-03-31,2016,3,March,31,1,False
20160401,2016-04-01,2016,4,April,1,2,False
20160402,2016-04-02,2016,4,April,2,2,True
20160403,2016-04-03,2016,4,April,3,2,True
20160404,2016-04-04,2016,4,April,4,2,False
20160405,2016-04-05,2016,4,April,5,2,False
20160406,2016-04-06,2016,4,April,6,2,False
20160407,2016-04-07,2016,4,April,7,2,False
20160408,2016-04-08,2016,4,April,8,2,False
20160409,2016-04-09,2016,4,April,9,2,True
20160410,2016-04-10,2016,4,April,10,2,True
20160411,2016-04-11,2016,4,April,11,2,False
20160412,2016-04-12,2016,4,April,12,2,False
20160413,2016-04-13,2016,4,April,13,2,False
20160414,2016-04-14,2016,4,April,14,2,False
20160415,2016-04-15,2016,4,April,15,2,False
20160416,2016-04-16,2016,4,April,16,2,True
20160417,2016-04-17,2016,4,April,17,2,True
20160418,2016-04-18,2016,4,April,18,2,False
20160419,2016-04-19,2016,4,April,19,2,False
20160420,2016-04-20,2016,4,April,20,2,False
20160421,2016-04-21,2016,4,April,21,2,False
20160422,2016-04-22,2016,4,April,22,2,False
20160423,2016-04-23,2016,4,April,23,2,True
20160424,2016-04-24,2016,4,April,24,2,True
20160425,2016-04-25,2016,4,April,25,2,False
20160426,2016-04-26,2016,4,April,26,2,False
20160427,2016-04-27,2016,4,April,27,2,False
20160428,2016-04-28,2016,4,April,28,2,False
20160429,2016-04-29,2016,4,April,29,2,False
20160430,2016-04-30,2016,4,April,30,2,True
20160501,2016-05-01,2016,5,May,1,2,True
20160502,2016-05-02,2016,5,May,2,2,False
20160503,2016-05-03,2016,5,May,3,2,False
20160504,2016-05-04,2016,5,May,4,2,False
20160505,2016-05-05,2016,5,May,5,2,False
20160506,2016-05-06,2016,5,May,6,2,False
20160507,2016-05-07,2016,5,May,7,2,True
20160508,2016-05-08,2016,5,May,8,2,True
20160509,2016-05-09,2016,5,May,9,2,False
20160510,2016-05-10,2016,5,May,10,2,False
20160511,2016-05-11,2016,5,May,11,2,False
20160512,2016-05-12,2016,5,May,12,2,False
20160513,2016-05-13,2016,5,May,13,2,False
20160514,2016-05-14,2016,5,May,14,2,True
20160515,2016-05-15,2016,5,May,15,2,True
20160516,2016-05-16,2016,5,May,16,2,False
20160517,2016-05-17,2016,5,May,17,2,False
20160518,2016-05-18,2016,5,May,18,2,False
20160519,2016-05-19,2016,5,May,19,2,False
20160520,2016-05-20,2016,5,May,20,2,False
20160521,2016-05-21,2016,5,May,21,2,True
20160522,2016-05-22,2016,5,May,22,2,True
20160523,2016-05-23,2016,5,May,23,2,False
20160524,2016-05-24,2016,5,May,24,2,False
20160525,2016-05-25,2016,5,May,25,2,False
20160526,2016-05-26,2016,5,May,26,2,False
20160527,2016-05-27,2016,5,May,27,2,False
20160528,2016-05-28,2016,5,May,28,2,True
20160529,2016-05-29,2016,5,May,29,2,True
20160530,2016-05-30,2016,5,May,30,2,False
20160531,2016-05-31,2016,5,May,31,2,False
20160601,2016-06-01,2016,6,June,1,2,False
20160602,2016-06-02,2016,6,June,2,2,False
20160603,2016-06-03,2016,6,June,3,2,False
20160604,2016-06-04,2016,6,June,4,2,True
20160605,2016-06-05,2016,6,June,5,2,True
20160606,2016-06-06,2016,6,June,6,2,False
20160607,2016-06-07,2016,6,June,7,2,False
20160608,2016-06-08,2016,6,June,8,2,False
20160609,2016-06-09,2016,6,June,9,2,False
20160610,2016-06-10,2016,6,June,10,2,False
20160611,2016-06-11,2016,6,June,11,2,True
20160612,2016-06-12,2016,6,June,12,2,True
20160613,2016-06-13,2016,6,June,13,2,False
20160614,2016-06-14,2016,6,June,14,2,False
20160615,2016-06-15,2016,6,June,15,2,False
20160616,2016-06-16,2016,6,June,16,2,False
20160617,2016-06-17,2016,6,June,17,2,False
20160618,2016-06-18,2016,6,June,18,2,True
20160619,2016-06-19,2016,6,June,19,2,True
20160620,2016-06-20,2016,6,June,20,2,False
20160621,2016-06-21,2016,6,June,21,2,False
20160622,2016-06-22,2016,6,June,22,2,False
20160623,2016-06-23,2016,6,June,23,2,False
20160624,2016-06-24,2016,6,June,24,2,False
20160625,2016-06-25,2016,6,June,25,2,True
20160626,2016-06-26,2016,6,June,26,2,True
20160627,2016-06-27,2016,6,June,27,2,False
20160628,2016-06-28,2016,6,June,28,2,False
20160629,2016-06-29,2016,6,June,29,2,False
20160630,2016-06-30,2016,6,June,30,2,False
20160701,2016-07-01,2016,7,July,1,3,False
20160702,2016-07-02,2016,7,July,2,3,True
20160703,2016-07-03,2016,7,July,3,3,True
20160704,2016-07-04,2016,7,July,4,3,False
20160705,2016-07-05,2016,7,July,5,3,False
20160706,2016-07-06,2016,7,July,6,3,False
20160707,2016-07-07,2016,7,July,7,3,False
20160708,2016-07-08,2016,7,July,8,3,False
20160709,2016-07-09,2016,7,July,9,3,True
20160710,2016-07-10,2016,7,July,10,3,True
20160711,2016-07-11,2016,7,July,11,3,False
20160712,2016-07-12,2016,7,July,12,3,False
20160713,2016-07-13,2016,7,July,13,3,False
20160714,2016-07-14,2016,7,July,14,3,False
20160715,2016-07-15,2016,7,July,15,3,False
20160716,2016-07-16,2016,7,July,16,3,True
20160717,2016-07-17,2016,7,July,17,3,True
20160718,2016-07-18,2016,7,July,18,3,False
20160719,2016-07-19,2016,7,July,19,3,False
20160720,2016-07-20,2016,7,July,20,3,False
20160721,2016-07-21,2016,7,July,21,3,False
20160722,2016-07-22,2016,7,July,22,3,False
20160723,2016-07-23,2016,7,July,23,3,True
20160724,2016-07-24,2016,7,July,24,3,True
20160725,2016-07-25,2016,7,July,25,3,False
20160726,2016-07-26,2016,7,July,26,3,False
20160727,2016-07-27,2016,7,July,27,3,False
20160728,2016-07-28,2016,7,July,28,3,False
20160729,2016-07-29,2016,7,July,29,3,False
20160730,2016-07-30,2016,7,July,30,3,True
20160731,2016-07-31,2016,7,July,31,3,True
20160801,2016-08-01,2016,8,August,1,3,False
20160802,2016-08-02,2016,8,August,2,3,False
20160803,2016-08-03,2016,8,August,3,3,False
20160804,2016-08-04,2016,8,August,4,3,False
20160805,2016-08-05,2016,8,August,5,3,False
20160806,2016-08-06,2016,8,August,6,3,True
20160807,2016-08-07,2016,8,August,7,3,True
20160808,2016-08-08,2016,8,August,8,3,False
20160809,2016-08-09,2016,8,August,9,3,False
20160810,2016-08-10,2016,8,August,10,3,False
20160811,2016-08-11,2016,8,August,11,3,False
20160812,2016-08-12,2016,8,August,12,3,False
20160813,2016-08-13,2016,8,August,13,3,True
20160814,2016-08-14,2016,8,August,14,3,True
20160815,2016-08-15,2016,8,August,15,3,False
20160816,2016-08-16,2016,8,August,16,3,False
20160817,2016-08-17,2016,8,August,17,3,False
20160818,2016-08-18,2016,8,August,18,3,False
20160819,2016-08-19,2016,8,August,19,3,False
20160820,2016-08-20,2016,8,August,20,3,True
20160821,2016-08-21,2016,8,August,21,3,True
20160822,2016-08-22,2016,8,August,22,3,False
20160823,2016-08-23,2016,8,August,23,3,False
20160824,2016-08-24,2016,8,August,24,3,False
20160825,2016-08-25,2016,8,August,25,3,False
20160826,2016-08-26,2016,8,August,26,3,False
20160827,2016-08-27,2016,8,August,27,3,True
20160828,2016-08-28,2016,8,August,28,3,True
20160829,2016-08-29,2016,8,August,29,3,False
20160830,2016-08-30,2016,8,August,30,3,False
20160831,2016-08-31,2016,8,August,31,3,False
20160901,2016-09-01,2016,9,September,1,3,False
20160902,2016-09-02,2016,9,September,2,3,False
20160903,2016-09-03,2016,9,September,3,3,True
20160904,2016-09-04,2016,9,September,4,3,True
20160905,2016-09-05,2016,9,September,5,3,False
20160906,2016-09-06,2016,9,September,6,3,False
20160907,2016-09-07,2016,9,September,7,3,False
20160908,2016-09-08,2016,9,September,8,3,False
20160909,2016-09-09,2016,9,September,9,3,False
20160910,2016-09-10,2016,9,September,10,3,True
20160911,2016-09-11,2016,9,September,11,3,True
20160912,2016-09-12,2016,9,September,12,3,False
20160913,2016-09-13,2016,9,September,13,3,False
20160914,2016-09-14,2016,9,September,14,3,False
20160915,2016-09-15,2016,9,September,15,3,False
20160916,2016-09-16,2016,9,September,16,3,False
20160917,2016-09-17,2016,9,September,17,3,True
20160918,2016-09-18,2016,9,September,18,3,True
20160919,2016-09-19,2016,9,September,19,3,False
20160920,2016-09-20,2016,9,September,20,3,False
20160921,2016-09-21,2016,9,September,21,3,False
20160922,2016-09-22,2016,9,September,22,3,False
20160923,2016-09-23,2016,9,September,23,3,False
20160924,2016-09-24,2016,9,September,24,3,True
20160925,2016-09-25,2016,9,September,25,3,True
20160926,2016-09-26,2016,9,September,26,3,False
20160927,2016-09-27,2016,9,September,27,3,False
20160928,2016-09-28,2016,9,September,28,3,False
20160929,2016-09-29,2016,9,September,29,3,False
20160930,2016-09-30,2016,9,September,30,3,False
20161001,2016-10-01,2016,10,October,1,4,True
20161002,2016-10-02,2016,10,October,2,4,True
20161003,2016-10-03,2016,10,October,3,4,False
20161004,2016-10-04,2016,10,October,4,4,False
20161005,2016-10-05,2016,10,October,5,4,False
20161006,2016-10-06,2016,10,October,6,4,False
20161007,2016-10-07,2016,10,October,7,4,False
20161008,2016-10-08,2016,10,October,8,4,True
20161009,2016-10-09,2016,10,October,9,4,True
20161010,2016-10-10,2016,10,October,10,4,False
20161011,2016-10-11,2016,10,October,11,4,False
20161012,2016-10-12,2016,10,October,12,4,False
20161013,2016-10-13,2016,10,October,13,4,False
20161014,2016-10-14,2016,10,October,14,4,False
20161015,2016-10-15,2016,10,October,15,4,True
20161016,2016-10-16,2016,10,October,16,4,True
20161017,2016-10-17,2016,10,October,17,4,False
20161018,2016-10-18,2016,10,October,18,4,False
20161019,2016-10-19,2016,10,October,19,4,False
20161020,2016-10-20,2016,10,October,20,4,False
20161021,2016-10-21,2016,10,October,21,4,False
20161022,2016-10-22,2016,10,October,22,4,True
20161023,2016-10-23,2016,10,October,23,4,True
20161024,2016-10-24,2016,10,October,24,4,False
20161025,2016-10-25,2016,10,October,25,4,False
20161026,2016-10-26,2016,10,October,26,4,False
20161027,2016-10-27,2016,10,October,27,4,False
20161028,2016-10-28,2016,10,October,28,4,False
20161029,2016-10-29,2016,10,October,29,4,True
20161030,2016-10-30,2016,10,October,30,4,True
20161031,2016-10-31,2016,10,October,31,4,False
20161101,2016-11-01,2016,11,November,1,4,False
20161102,2016-11-02,2016,11,November,2,4,False
20161103,2016-11-03,2016,11,November,3,4,False
20161104,2016-11-04,2016,11,November,4,4,False
20161105,2016-11-05,2016,11,November,5,4,True
20161106,2016-11-06,2016,11,November,6,4,True
20161107,2016-11-07,2016,11,November,7,4,False
20161108,2016-11-08,2016,11,November,8,4,False
20161109,2016-11-09,2016,11,November,9,4,False
20161110,2016-11-10,2016,11,November,10,4,False
20161111,2016-11-11,2016,11,November,11,4,False
20161112,2016-11-12,2016,11,November,12,4,True
20161114,2016-11-14,2016,11,November,14,4,False
20161115,2016-11-15,2016,11,November,15,4,False
20161116,2016-11-16,2016,11,November,16,4,False
20161117,2016-11-17,2016,11,November,17,4,False
20161118,2016-11-18,2016,11,November,18,4,False
20161119,2016-11-19,2016,11,November,19,4,True
20161120,2016-11-20,2016,11,November,20,4,True
20161121,2016-11-21,2016,11,November,21,4,False
20161122,2016-11-22,2016,11,November,22,4,False
20161123,2016-11-23,2016,11,November,23,4,False
20161124,2016-11-24,2016,11,November,24,4,False
20161125,2016-11-25,2016,11,November,25,4,False
20161126,2016-11-26,2016,11,November,26,4,True
20161127,2016-11-27,2016,11,November,27,4,True
20161128,2016-11-28,2016,11,November,28,4,False
20161129,2016-11-29,2016,11,November,29,4,False
20161130,2016-11-30,2016,11,November,30,4,False
20161201,2016-12-01,2016,12,December,1,4,False
20161202,2016-12-02,2016,12,December,2,4,False
20161203,2016-12-03,2016,12,December,3,4,True
20161204,2016-12-04,2016,12,December,4,4,True
20161205,2016-12-05,2016,12,December,5,4,False
20161206,2016-12-06,2016,12,December,6,4,False
20161207,2016-12-07,2016,12,December,7,4,False
20161208,2016-12-08,2016,12,December,8,4,False
20161209,2016-12-09,2016,12,December,9,4,False
20161210,2016-12-10,2016,12,December,10,4,True
20161211,2016-12-11,2016,12,December,11,4,True
20161212,2016-12-12,2016,12,December,12,4,False
20161213,2016-12-13,2016,12,December,13,4,False
20161214,2016-12-14,2016,12,December,14,4,False
20161215,2016-12-15,2016,12,December,15,4,False
20161216,2016-12-16,2016,12,December,16,4,False
20161217,2016-12-17,2016,12,December,17,4,True
20161218,2016-12-18,2016,12,December,18,4,True
20161219,2016-12-19,2016,12,December,19,4,False
20161220,2016-12-20,2016,12,December,20,4,False
20161221,2016-12-21,2016,12,December,21,4,False
20161222,2016-12-22,2016,12,December,22,4,False
20161223,2016-12-23,2016,12,December,23,4,False
20161224,2016-12-24,2016,12,December,24,4,True
20161225,2016-12-25,2016,12,December,25,4,True
20161226,2016-12-26,2016,12,December,26,4,False
20161227,2016-12-27,2016,12,December,27,4,False
20161228,2016-12-28,2016,12,December,28,4,False
20161229,2016-12-29,2016,12,December,29,4,False
20161230,2016-12-30,2016,12,December,30,4,False
20161231,2016-12-31,2016,12,December,31,4,True
20170101,2017-01-01,2017,1,January,1,1,True
20170102,2017-01-02,2017,1,January,2,1,False
20170103,2017-01-03,2017,1,January,3,1,False
20170104,2017-01-04,2017,1,January,4,1,False
20170105,2017-01-05,2017,1,January,5,1,False
20170106,2017-01-06,2017,1,January,6,1,False
20170107,2017-01-07,2017,1,January,7,1,True
20170108,2017-01-08,2017,1,January,8,1,True
20170109,2017-01-09,2017,1,January,9,1,False
20170110,2017-01-10,2017,1,January,10,1,False
20170111,2017-01-11,2017,1,January,11,1,False
20170112,2017-01-12,2017,1,January,12,1,False
20170113,2017-01-13,2017,1,January,13,1,False
20170114,2017-01-14,2017,1,January,14,1,True
20170115,2017-01-15,2017,1,January,15,1,True
20170116,2017-01-16,2017,1,January,16,1,False
20170117,2017-01-17,2017,1,January,17,1,False
20170118,2017-01-18,2017,1,January,18,1,False
20170119,2017-01-19,2017,1,January,19,1,False
20170120,2017-01-20,2017,1,January,20,1,False
20170121,2017-01-21,2017,1,January,21,1,True
20170122,2017-01-22,2017,1,January,22,1,True
20170123,2017-01-23,2017,1,January,23,1,False
20170124,2017-01-24,2017,1,January,24,1,False
20170125,2017-01-25,2017,1,January,25,1,False
20170126,2017-01-26,2017,1,January,26,1,False
20170127,2017-01-27,2017,1,January,27,1,False
20170128,2017-01-28,2017,1,January,28,1,True
20170129,2017-01-29,2017,1,January,29,1,True
20170130,2017-01-30,2017,1,January,30,1,False
20170131,2017-01-31,2017,1,January,31,1,False
20170201,2017-02-01,2017,2,February,1,1,False
20170202,2017-02-02,2017,2,February,2,1,False
20170203,2017-02-03,2017,2,February,3,1,False
20170204,2017-02-04,2017,2,February,4,1,True
20170205,2017-02-05,2017,2,February,5,1,True
20170206,2017-02-06,2017,2,February,6,1,False
20170207,2017-02-07,2017,2,February,7,1,False
20170208,2017-02-08,2017,2,February,8,1,False
20170209,2017-02-09,2017,2,February,9,1,False
20170210,2017-02-10,2017,2,February,10,1,False
20170211,2017-02-11,2017,2,February,11,1,True
20170212,2017-02-12,2017,2,February,12,1,True
20170213,2017-02-13,2017,2,February,13,1,False
20170214,2017-02-14,2017,2,February,14,1,False
20170215,2017-02-15,2017,2,February,15,1,False
20170216,2017-02-16,2017,2,February,16,1,False
20170217,2017-02-17,2017,2,February,17,1,False
20170218,2017-02-18,2017,2,February,18,1,True
20170219,2017-02-19,2017,2,February,19,1,True
20170220,2017-02-20,2017,2,February,20,1,False
20170221,2017-02-21,2017,2,February,21,1,False
20170222,2017-02-22,2017,2,February,22,1,False
20170223,2017-02-23,2017,2,February,23,1,False
20170224,2017-02-24,2017,2,February,24,1,False
20170225,2017-02-25,2017,2,February,25,1,True
20170226,2017-02-26,2017,2,February,26,1,True
20170227,2017-02-27,2017,2,February,27,1,False
20170228,2017-02-28,2017,2,February,28,1,False
20170301,2017-03-01,2017,3,March,1,1,False
20170302,2017-03-02,2017,3,March,2,1,False
20170303,2017-03-03,2017,3,March,3,1,False
20170304,2017-03-04,2017,3,March,4,1,True
20170305,2017-03-05,2017,3,March,5,1,True
20170306,2017-03-06,2017,3,March,6,1,False
20170307,2017-03-07,2017,3,March,7,1,False
20170308,2017-03-08,2017,3,March,8,1,False
20170309,2017-03-09,2017,3,March,9,1,False
20170310,2017-03-10,2017,3,March,10,1,False
20170311,2017-03-11,2017,3,March,11,1,True
20170312,2017-03-12,2017,3,March,12,1,True
20170313,2017-03-13,2017,3,March,13,1,False
20170314,2017-03-14,2017,3,March,14,1,False
20170315,2017-03-15,2017,3,March,15,1,False
20170316,2017-03-16,2017,3,March,16,1,False
20170317,2017-03-17,2017,3,March,17,1,False
20170318,2017-03-18,2017,3,March,18,1,True
20170319,2017-03-19,2017,3,March,19,1,True
20170320,2017-03-20,2017,3,March,20,1,False
20170322,2017-03-22,2017,3,March,22,1,False
20170323,2017-03-23,2017,3,March,23,1,False
20170324,2017-03-24,2017,3,March,24,1,False
20170325,2017-03-25,2017,3,March,25,1,True
20170326,2017-03-26,2017,3,March,26,1,True
20170327,2017-03-27,2017,3,March,27,1,False
20170328,2017-03-28,2017,3,March,28,1,False
20170329,2017-03-29,2017,3,March,29,1,False
20170330,2017-03-30,2017,3,March,30,1,False
20170331,2017-03-31,2017,3,March,31,1,False
20170401,2017-04-01,2017,4,April,1,2,True
20170402,2017-04-02,2017,4,April,2,2,True
20170403,2017-04-03,2017,4,April,3,2,False
20170404,2017-04-04,2017,4,April,4,2,False
20170405,2017-04-05,2017,4,April,5,2,False
20170406,2017-04-06,2017,4,April,6,2,False
20170407,2017-04-07,2017,4,April,7,2,False
20170408,2017-04-08,2017,4,April,8,2,True
20170409,2017-04-09,2017,4,April,9,2,True
20170410,2017-04-10,2017,4,April,10,2,False
20170411,2017-04-11,2017,4,April,11,2,False
20170412,2017-04-12,2017,4,April,12,2,False
20170413,2017-04-13,2017,4,April,13,2,False
20170414,2017-04-14,2017,4,April,14,2,False
20170415,2017-04-15,2017,4,April,15,2,True
20170416,2017-04-16,2017,4,April,16,2,True
20170417,2017-04-17,2017,4,April,17,2,False
20170418,2017-04-18,2017,4,April,18,2,False
20170419,2017-04-19,2017,4,April,19,2,False
20170420,2017-04-20,2017,4,April,20,2,False
20170421,2017-04-21,2017,4,April,21,2,False
20170422,2017-04-22,2017,4,April,22,2,True
20170423,2017-04-23,2017,4,April,23,2,True
20170424,2017-04-24,2017,4,April,24,2,False
20170425,2017-04-25,2017,4,April,25,2,False
20170426,2017-04-26,2017,4,April,26,2,False
20170427,2017-04-27,2017,4,April,27,2,False
20170428,2017-04-28,2017,4,April,28,2,False
20170429,2017-04-29,2017,4,April,29,2,True
20170430,2017-04-30,2017,4,April,30,2,True
20170501,2017-05-01,2017,5,May,1,2,False
20170502,2017-05-02,2017,5,May,2,2,False
20170503,2017-05-03,2017,5,May,3,2,False
20170504,2017-05-04,2017,5,May,4,2,False
20170505,2017-05-05,2017,5,May,5,2,False
20170506,2017-05-06,2017,5,May,6,2,True
20170507,2017-05-07,2017,5,May,7,2,True
20170508,2017-05-08,2017,5,May,8,2,False
20170509,2017-05-09,2017,5,May,9,2,False
20170510,2017-05-10,2017,5,May,10,2,False
20170511,2017-05-11,2017,5,May,11,2,False
20170512,2017-05-12,2017,5,May,12,2,False
20170513,2017-05-13,2017,5,May,13,2,True
20170514,2017-05-14,2017,5,May,14,2,True
20170515,2017-05-15,2017,5,May,15,2,False
20170516,2017-05-16,2017,5,May,16,2,False
20170517,2017-05-17,2017,5,May,17,2,False
20170518,2017-05-18,2017,5,May,18,2,False
20170519,2017-05-19,2017,5,May,19,2,False
20170520,2017-05-20,2017,5,May,20,2,True
20170521,2017-05-21,2017,5,May,21,2,True
20170522,2017-05-22,2017,5,May,22,2,False
20170523,2017-05-23,2017,5,May,23,2,False
20170524,2017-05-24,2017,5,May,24,2,False
20170525,2017-05-25,2017,5,May,25,2,False
20170526,2017-05-26,2017,5,May,26,2,False
20170527,2017-05-27,2017,5,May,27,2,True
20170528,2017-05-28,2017,5,May,28,2,True
20170529,2017-05-29,2017,5,May,29,2,False
20170530,2017-05-30,2017,5,May,30,2,False
20170531,2017-05-31,2017,5,May,31,2,False
20170601,2017-06-01,2017,6,June,1,2,False
20170602,2017-06-02,2017,6,June,2,2,False
20170603,2017-06-03,2017,6,June,3,2,True
20170604,2017-06-04,2017,6,June,4,2,True
20170605,2017-06-05,2017,6,June,5,2,False
20170606,2017-06-06,2017,6,June,6,2,False
20170607,2017-06-07,2017,6,June,7,2,False
20170608,2017-06-08,2017,6,June,8,2,False
20170609,2017-06-09,2017,6,June,9,2,False
20170610,2017-06-10,2017,6,June,10,2,True
20170611,2017-06-11,2017,6,June,11,2,True
20170612,2017-06-12,2017,6,June,12,2,False
20170613,2017-06-13,2017,6,June,13,2,False
20170614,2017-06-14,2017,6,June,14,2,False
20170615,2017-06-15,2017,6,June,15,2,False
20170616,2017-06-16,2017,6,June,16,2,False
20170617,2017-06-17,2017,6,June,17,2,True
20170618,2017-06-18,2017,6,June,18,2,True
20170619,2017-06-19,2017,6,June,19,2,False
20170620,2017-06-20,2017,6,June,20,2,False
20170621,2017-06-21,2017,6,June,21,2,False
20170622,2017-06-22,2017,6,June,22,2,False
20170623,2017-06-23,2017,6,June,23,2,False
20170624,2017-06-24,2017,6,June,24,2,True
20170625,2017-06-25,2017,6,June,25,2,True
20170626,2017-06-26,2017,6,June,26,2,False
20170627,2017-06-27,2017,6,June,27,2,False
20170628,2017-06-28,2017,6,June,28,2,False
20170629,2017-06-29,2017,6,June,29,2,False
20170630,2017-06-30,2017,6,June,30,2,False
20170701,2017-07-01,2017,7,July,1,3,True
20170702,2017-07-02,2017,7,July,2,3,True
20170703,2017-07-03,2017,7,July,3,3,False
20170704,2017-07-04,2017,7,July,4,3,False
20170705,2017-07-05,2017,7,July,5,3,False
20170706,2017-07-06,2017,7,July,6,3,False
20170707,2017-07-07,2017,7,July,7,3,False
20170708,2017-07-08,2017,7,July,8,3,True
20170709,2017-07-09,2017,7,July,9,3,True
20170710,2017-07-10,2017,7,July,10,3,False
20170711,2017-07-11,2017,7,July,11,3,False
20170712,2017-07-12,2017,7,July,12,3,False
20170713,2017-07-13,2017,7,July,13,3,False
20170714,2017-07-14,2017,7,July,14,3,False
20170715,2017-07-15,2017,7,July,15,3,True
20170716,2017-07-16,2017,7,July,16,3,True
20170717,2017-07-17,2017,7,July,17,3,False
20170718,2017-07-18,2017,7,July,18,3,False
20170719,2017-07-19,2017,7,July,19,3,False
20170720,2017-07-20,2017,7,July,20,3,False
20170721,2017-07-21,2017,7,July,21,3,False
20170722,2017-07-22,2017,7,July,22,3,True
20170723,2017-07-23,2017,7,July,23,3,True
20170724,2017-07-24,2017,7,July,24,3,False
20170725,2017-07-25,2017,7,July,25,3,False
20170726,2017-07-26,2017,7,July,26,3,False
20170727,2017-07-27,2017,7,July,27,3,False
20170728,2017-07-28,2017,7,July,28,3,False
20170729,2017-07-29,2017,7,July,29,3,True
20170730,2017-07-30,2017,7,July,30,3,True
20170731,2017-07-31,2017,7,July,31,3,False
20170801,2017-08-01,2017,8,August,1,3,False
20170802,2017-08-02,2017,8,August,2,3,False
20170803,2017-08-03,2017,8,August,3,3,False
20170804,2017-08-04,2017,8,August,4,3,False
20170805,2017-08-05,2017,8,August,5,3,True
20170806,2017-08-06,2017,8,August,6,3,True
20170807,2017-08-07,2017,8,August,7,3,False
20170808,2017-08-08,2017,8,August,8,3,False
20170809,2017-08-09,2017,8,August,9,3,False
20170810,2017-08-10,2017,8,August,10,3,False
20170811,2017-08-11,2017,8,August,11,3,False
20170812,2017-08-12,2017,8,August,12,3,True
20170813,2017-08-13,2017,8,August,13,3,True
20170814,2017-08-14,2017,8,August,14,3,False
20170815,2017-08-15,2017,8,August,15,3,False
20170816,2017-08-16,2017,8,August,16,3,False
20170817,2017-08-17,2017,8,August,17,3,False
20170818,2017-08-18,2017,8,August,18,3,False
20170819,2017-08-19,2017,8,August,19,3,True
20170820,2017-08-20,2017,8,August,20,3,True
20170821,2017-08-21,2017,8,August,21,3,False
20170822,2017-08-22,2017,8,August,22,3,False
20170823,2017-08-23,2017,8,August,23,3,False
20170824,2017-08-24,2017,8,August,24,3,False
20170825,2017-08-25,2017,8,August,25,3,False
20170826,2017-08-26,2017,8,August,26,3,True
20170827,2017-08-27,2017,8,August,27,3,True
20170828,2017-08-28,2017,8,August,28,3,False
20170829,2017-08-29,2017,8,August,29,3,False
20170830,2017-08-30,2017,8,August,30,3,False
20170831,2017-08-31,2017,8,August,31,3,False
20160120,2016-01-20,2016,1,January,20,1,False
20151215,2015-12-15,2015,12,December,15,4,False
20151209,2015-12-09,2015,12,December,9,4,False
20170321,2017-03-21,2017,3,March,21,1,False
20160111,2016-01-11,2016,1,January,11,1,False
20151216,2015-12-16,2015,12,December,16,4,False
20151122,2015-11-22,2015,11,November,22,4,True
20160124,2016-01-24,2016,1,January,24,1,True
20160306,2016-03-06,2016,3,March,6,1,True
20161113,2016-11-13,2016,11,November,13,4,True
